{"radius":5,"dlatitude":0.04496574401855469,"dlongitude":0.04940605163574219,"diff":0.0001}