{"radius":10,"dlatitude":0.08993148803710938,"dlongitude":0.09881210327148438,"diff":0.0001}